{
	"character_superslot163_0x01":  { "File": "character_superslot163.bmp", "Rect": "8,3,40,55", "Center": "20,35" },
	"character_superslot163_0x02":  { "File": "character_superslot163.bmp", "Rect": "64,3,40,55", "Center": "20,35" },
	"character_superslot163_0x03":  { "File": "character_superslot163.bmp", "Rect": "120,3,40,55", "Center": "20,35" },
	"character_superslot163_0x04":  { "File": "character_superslot163.bmp", "Rect": "177,3,40,55", "Center": "20,35" },
	"character_superslot163_0x05":  { "File": "character_superslot163.bmp", "Rect": "232,3,40,55", "Center": "20,35" },
	"character_superslot163_0x06":  { "File": "character_superslot163.bmp", "Rect": "288,2,40,55", "Center": "20,35" },
	"character_superslot163_0x07":  { "File": "character_superslot163.bmp", "Rect": "343,2,40,55", "Center": "20,35" },
	"character_superslot163_0x08":  { "File": "character_superslot163.bmp", "Rect": "399,2,40,55", "Center": "20,35" },
	"character_superslot163_0x09":  { "File": "character_superslot163.bmp", "Rect": "456,2,40,55", "Center": "20,35" },
	"character_superslot163_0x0a":  { "File": "character_superslot163.bmp", "Rect": "512,2,40,55", "Center": "20,35" },
	"character_superslot163_0x0b":  { "File": "character_superslot163.bmp", "Rect": "568,3,40,55", "Center": "20,35" },
	"character_superslot163_0x0c":  { "File": "character_superslot163.bmp", "Rect": "624,3,40,55", "Center": "20,35" },
	"character_superslot163_0x0d":  { "File": "character_superslot163.bmp", "Rect": "680,3,40,55", "Center": "20,35" },
	"character_superslot163_0x0e":  { "File": "character_superslot163.bmp", "Rect": "736,3,40,55", "Center": "20,35" },
	"character_superslot163_0x0f":  { "File": "character_superslot163.bmp", "Rect": "792,3,40,55", "Center": "20,35" },
	"character_superslot163_0x10":  { "File": "character_superslot163.bmp", "Rect": "848,3,40,55", "Center": "20,35" },
	"character_superslot163_0x11":  { "File": "character_superslot163.bmp", "Rect": "8,59,40,55", "Center": "20,35" },
	"character_superslot163_0x12":  { "File": "character_superslot163.bmp", "Rect": "64,59,40,55", "Center": "20,35" },
	"character_superslot163_0x13":  { "File": "character_superslot163.bmp", "Rect": "120,59,40,55", "Center": "20,35" },
	"character_superslot163_0x14":  { "File": "character_superslot163.bmp", "Rect": "176,59,40,55", "Center": "20,35" },
	"character_superslot163_0x15":  { "File": "character_superslot163.bmp", "Rect": "232,59,40,55", "Center": "20,35" },
	"character_superslot163_0x16":  { "File": "character_superslot163.bmp", "Rect": "288,58,40,55", "Center": "20,35" },
	"character_superslot163_0x17":  { "File": "character_superslot163.bmp", "Rect": "343,58,40,55", "Center": "20,35" },
	"character_superslot163_0x18":  { "File": "character_superslot163.bmp", "Rect": "400,59,40,55", "Center": "20,35" },
	"character_superslot163_0x19":  { "File": "character_superslot163.bmp", "Rect": "455,59,40,55", "Center": "20,35" },
	"character_superslot163_0x1a":  { "File": "character_superslot163.bmp", "Rect": "512,59,40,55", "Center": "20,35" },
	"character_superslot163_0x1b":  { "File": "character_superslot163.bmp", "Rect": "568,60,40,55", "Center": "20,35" },
	"character_superslot163_0x1c":  { "File": "character_superslot163.bmp", "Rect": "624,60,40,56", "Center": "20,35" },
	"character_superslot163_0x1d":  { "File": "character_superslot163.bmp", "Rect": "681,60,40,55", "Center": "20,35" },
	"character_superslot163_0x1e":  { "File": "character_superslot163.bmp", "Rect": "736,61,40,55", "Center": "20,35" },
	"character_superslot163_0x1f":  { "File": "character_superslot163.bmp", "Rect": "792,61,40,54", "Center": "20,35" },
	"character_superslot163_0x20":  { "File": "character_superslot163.bmp", "Rect": "848,61,40,55", "Center": "20,35" },
	"character_superslot163_0x21":  { "File": "character_superslot163.bmp", "Rect": "1,115,63,55", "Center": "42,35" },
	"character_superslot163_0x22":  { "File": "character_superslot163.bmp", "Rect": "64,115,63,55", "Center": "42,35" },
	"character_superslot163_0x23":  { "File": "character_superslot163.bmp", "Rect": "127,115,63,55", "Center": "42,35" },
	"character_superslot163_0x24":  { "File": "character_superslot163.bmp", "Rect": "190,115,63,55", "Center": "42,35" },
	"character_superslot163_0x25":  { "File": "character_superslot163.bmp", "Rect": "253,115,63,55", "Center": "42,35" },
	"character_superslot163_0x26":  { "File": "character_superslot163.bmp", "Rect": "253,115,63,55", "Center": "42,35" },
	"character_superslot163_0x27":  { "File": "character_superslot163.bmp", "Rect": "316,115,63,55", "Center": "42,35" },
	"character_superslot163_0x28":  { "File": "character_superslot163.bmp", "Rect": "379,115,63,55", "Center": "42,35" },
	"character_superslot163_0x29":  { "File": "character_superslot163.bmp", "Rect": "442,115,63,55", "Center": "42,35" },
	"character_superslot163_0x2a":  { "File": "character_superslot163.bmp", "Rect": "505,115,63,55", "Center": "42,35" },
	"character_superslot163_0x2b":  { "File": "character_superslot163.bmp", "Rect": "568,115,63,55", "Center": "42,35" },
	"character_superslot163_0x2c":  { "File": "character_superslot163.bmp", "Rect": "631,115,63,55", "Center": "42,35" },
	"character_superslot163_0x2d":  { "File": "character_superslot163.bmp", "Rect": "694,115,63,55", "Center": "42,35" },
	"character_superslot163_0x2e":  { "File": "character_superslot163.bmp", "Rect": "757,115,63,55", "Center": "42,35" },
	"character_superslot163_0x2f":  { "File": "character_superslot163.bmp", "Rect": "757,115,63,55", "Center": "42,35" },
	"character_superslot163_0x30":  { "File": "character_superslot163.bmp", "Rect": "820,116,63,55", "Center": "42,35" },
	"character_superslot163_0x31":  { "File": "character_superslot163.bmp", "Rect": "9,171,40,56", "Center": "22,36" },
	"character_superslot163_0x32":  { "File": "character_superslot163.bmp", "Rect": "62,171,40,56", "Center": "22,36" },
	"character_superslot163_0x33":  { "File": "character_superslot163.bmp", "Rect": "119,171,40,56", "Center": "22,36" },
	"character_superslot163_0x34":  { "File": "character_superslot163.bmp", "Rect": "175,171,40,56", "Center": "22,36" },
	"character_superslot163_0x35":  { "File": "character_superslot163.bmp", "Rect": "229,171,40,56", "Center": "22,36" },
	"character_superslot163_0x36":  { "File": "character_superslot163.bmp", "Rect": "287,171,40,56", "Center": "22,36" },
	"character_superslot163_0x37":  { "File": "character_superslot163.bmp", "Rect": "343,171,40,56", "Center": "22,36" },
	"character_superslot163_0x38":  { "File": "character_superslot163.bmp", "Rect": "400,171,40,56", "Center": "22,36" },
	"character_superslot163_0x39":  { "File": "character_superslot163.bmp", "Rect": "455,172,40,56", "Center": "22,36" },
	"character_superslot163_0x3a":  { "File": "character_superslot163.bmp", "Rect": "512,171,40,56", "Center": "22,36" },
	"character_superslot163_0x3b":  { "File": "character_superslot163.bmp", "Rect": "567,171,40,56", "Center": "22,36" },
	"character_superslot163_0x3c":  { "File": "character_superslot163.bmp", "Rect": "623,171,40,56", "Center": "22,36" },
	"character_superslot163_0x3d":  { "File": "character_superslot163.bmp", "Rect": "680,171,40,56", "Center": "22,36" },
	"character_superslot163_0x3e":  { "File": "character_superslot163.bmp", "Rect": "736,171,40,56", "Center": "22,36" },
	"character_superslot163_0x3f":  { "File": "character_superslot163.bmp", "Rect": "792,171,40,56", "Center": "22,36" },
	"character_superslot163_0x40":  { "File": "character_superslot163.bmp", "Rect": "848,171,40,56", "Center": "22,36" },
	"character_superslot163_0x41":  { "File": "character_superslot163.bmp", "Rect": "9,230,40,56", "Center": "22,36" },
	"character_superslot163_0x42":  { "File": "character_superslot163.bmp", "Rect": "62,230,40,56", "Center": "22,36" },
	"character_superslot163_0x43":  { "File": "character_superslot163.bmp", "Rect": "119,230,40,56", "Center": "22,36" },
	"character_superslot163_0x44":  { "File": "character_superslot163.bmp", "Rect": "175,230,40,56", "Center": "22,36" },
	"character_superslot163_0x45":  { "File": "character_superslot163.bmp", "Rect": "229,230,40,56", "Center": "22,36" },
	"character_superslot163_0x46":  { "File": "character_superslot163.bmp", "Rect": "287,231,40,56", "Center": "22,36" },
	"character_superslot163_0x47":  { "File": "character_superslot163.bmp", "Rect": "343,229,40,56", "Center": "22,36" },
	"character_superslot163_0x48":  { "File": "character_superslot163.bmp", "Rect": "400,230,40,56", "Center": "22,36" },
	"character_superslot163_0x49":  { "File": "character_superslot163.bmp", "Rect": "455,230,40,56", "Center": "22,36" },
	"character_superslot163_0x4a":  { "File": "character_superslot163.bmp", "Rect": "511,230,40,56", "Center": "22,36" },
	"character_superslot163_0x4b":  { "File": "character_superslot163.bmp", "Rect": "567,230,40,56", "Center": "22,36" },
	"character_superslot163_0x4c":  { "File": "character_superslot163.bmp", "Rect": "623,230,40,56", "Center": "22,36" },
	"character_superslot163_0x4d":  { "File": "character_superslot163.bmp", "Rect": "680,230,40,56", "Center": "22,36" },
	"character_superslot163_0x4e":  { "File": "character_superslot163.bmp", "Rect": "736,231,40,56", "Center": "22,36" },
	"character_superslot163_0x4f":  { "File": "character_superslot163.bmp", "Rect": "792,231,40,56", "Center": "22,36" },
	"character_superslot163_0x50":  { "File": "character_superslot163.bmp", "Rect": "848,229,40,56", "Center": "22,36" },
	"character_superslot163_0x51":  { "File": "character_superslot163.bmp", "Rect": "9,288,40,56", "Center": "22,36" },
	"character_superslot163_0x52":  { "File": "character_superslot163.bmp", "Rect": "62,288,40,56", "Center": "22,36" },
	"character_superslot163_0x53":  { "File": "character_superslot163.bmp", "Rect": "119,286,40,56", "Center": "22,36" },
	"character_superslot163_0x54":  { "File": "character_superslot163.bmp", "Rect": "175,288,40,56", "Center": "22,36" },
	"character_superslot163_0x55":  { "File": "character_superslot163.bmp", "Rect": "229,287,40,56", "Center": "22,36" },
	"character_superslot163_0x56":  { "File": "character_superslot163.bmp", "Rect": "287,288,40,56", "Center": "22,36" },
	"character_superslot163_0x57":  { "File": "character_superslot163.bmp", "Rect": "343,288,40,56", "Center": "22,36" },
	"character_superslot163_0x58":  { "File": "character_superslot163.bmp", "Rect": "400,288,40,56", "Center": "22,36" },
	"character_superslot163_0x59":  { "File": "character_superslot163.bmp", "Rect": "455,288,40,56", "Center": "22,36" },
	"character_superslot163_0x5a":  { "File": "character_superslot163.bmp", "Rect": "511,287,40,56", "Center": "22,36" },
	"character_superslot163_0x5b":  { "File": "character_superslot163.bmp", "Rect": "567,288,40,56", "Center": "22,36" },
	"character_superslot163_0x5c":  { "File": "character_superslot163.bmp", "Rect": "620,288,48,46", "Center": "24,24" },
	"character_superslot163_0x5d":  { "File": "character_superslot163.bmp", "Rect": "676,288,48,46", "Center": "24,24" },
	"character_superslot163_0x5e":  { "File": "character_superslot163.bmp", "Rect": "732,288,48,46", "Center": "24,24" },
	"character_superslot163_0x5f":  { "File": "character_superslot163.bmp", "Rect": "788,288,48,46", "Center": "24,24" },
	"character_superslot163_0x60":  { "File": "character_superslot163.bmp", "Rect": "844,288,48,46", "Center": "24,24" },
	"character_superslot163_0x61":  { "File": "character_superslot163.bmp", "Rect": "6,348,48,46", "Center": "24,24" },
	"character_superslot163_0x62":  { "File": "character_superslot163.bmp", "Rect": "60,347,48,46", "Center": "24,24" },
	"character_superslot163_0x63":  { "File": "character_superslot163.bmp", "Rect": "118,347,48,46", "Center": "24,24" },
	"character_superslot163_0x64":  { "File": "character_superslot163.bmp", "Rect": "172,347,48,46", "Center": "24,24" },
	"character_superslot163_0x65":  { "File": "character_superslot163.bmp", "Rect": "226,347,48,46", "Center": "24,24" },
	"character_superslot163_0x66":  { "File": "character_superslot163.bmp", "Rect": "283,347,48,46", "Center": "24,24" },
	"character_superslot163_0x67":  { "File": "character_superslot163.bmp", "Rect": "340,347,48,46", "Center": "24,24" },
	"character_superslot163_0x68":  { "File": "character_superslot163.bmp", "Rect": "393,347,48,46", "Center": "24,24" },
	"character_superslot163_0x69":  { "File": "character_superslot163.bmp", "Rect": "451,347,48,46", "Center": "24,24" },
	"character_superslot163_0x6a":  { "File": "character_superslot163.bmp", "Rect": "507,347,48,46", "Center": "24,24" },
	"character_superslot163_0x6b":  { "File": "character_superslot163.bmp", "Rect": "563,347,48,46", "Center": "24,24" },
	"character_superslot163_0x6c":  { "File": "character_superslot163.bmp", "Rect": "618,347,48,46", "Center": "24,24" },
	"character_superslot163_0x6d":  { "File": "character_superslot163.bmp", "Rect": "677,347,48,46", "Center": "24,24" },
	"character_superslot163_0x6e":  { "File": "character_superslot163.bmp", "Rect": "733,347,48,46", "Center": "24,24" },
	"character_superslot163_0x6f":  { "File": "character_superslot163.bmp", "Rect": "789,347,48,46", "Center": "24,24" },
	"character_superslot163_0x70":  { "File": "character_superslot163.bmp", "Rect": "843,347,48,46", "Center": "24,24" },
	"character_superslot163_0x71":  { "File": "character_superslot163.bmp", "Rect": "6,398,48,46", "Center": "24,24" },
	"character_superslot163_0x72":  { "File": "character_superslot163.bmp", "Rect": "60,398,48,46", "Center": "24,24" },
	"character_superslot163_0x73":  { "File": "character_superslot163.bmp", "Rect": "118,398,48,46", "Center": "24,24" },
	"character_superslot163_0x74":  { "File": "character_superslot163.bmp", "Rect": "172,398,48,46", "Center": "24,24" },
	"character_superslot163_0x75":  { "File": "character_superslot163.bmp", "Rect": "226,398,48,46", "Center": "24,24" },
	"character_superslot163_0x76":  { "File": "character_superslot163.bmp", "Rect": "283,398,48,46", "Center": "24,24" },
	"character_superslot163_0x77":  { "File": "character_superslot163.bmp", "Rect": "340,398,48,46", "Center": "24,24" },
	"character_superslot163_0x78":  { "File": "character_superslot163.bmp", "Rect": "394,397,48,46", "Center": "24,24" },
	"character_superslot163_0x79":  { "File": "character_superslot163.bmp", "Rect": "451,397,48,46", "Center": "24,24" },
	"character_superslot163_0x7a":  { "File": "character_superslot163.bmp", "Rect": "507,398,48,46", "Center": "24,24" },
	"character_superslot163_0x7b":  { "File": "character_superslot163.bmp", "Rect": "563,398,48,46", "Center": "24,24" },
	"character_superslot163_0x7c":  { "File": "character_superslot163.bmp", "Rect": "618,398,48,46", "Center": "24,24" },
	"character_superslot163_0x7d":  { "File": "character_superslot163.bmp", "Rect": "676,398,48,46", "Center": "24,24" },
	"character_superslot163_0x7e":  { "File": "character_superslot163.bmp", "Rect": "733,398,48,46", "Center": "24,24" },
	"character_superslot163_0x7f":  { "File": "character_superslot163.bmp", "Rect": "788,399,48,46", "Center": "24,24" },
	"character_superslot163_0x80":  { "File": "character_superslot163.bmp", "Rect": "843,399,48,46", "Center": "24,24" },
	"character_superslot163_0x81":  { "File": "character_superslot163.bmp", "Rect": "6,451,48,46", "Center": "24,24" },
	"character_superslot163_0x82":  { "File": "character_superslot163.bmp", "Rect": "59,451,48,46", "Center": "24,24" },
	"character_superslot163_0x83":  { "File": "character_superslot163.bmp", "Rect": "117,452,48,46", "Center": "24,24" },
	"character_superslot163_0x84":  { "File": "character_superslot163.bmp", "Rect": "172,452,48,46", "Center": "24,24" },
	"character_superslot163_0x85":  { "File": "character_superslot163.bmp", "Rect": "225,452,48,46", "Center": "24,24" },
	"character_superslot163_0x86":  { "File": "character_superslot163.bmp", "Rect": "282,452,48,46", "Center": "24,24" },
	"character_superslot163_0x87":  { "File": "character_superslot163.bmp", "Rect": "340,452,48,46", "Center": "24,24" },
	"character_superslot163_0x88":  { "File": "character_superslot163.bmp", "Rect": "393,451,48,46", "Center": "24,24" },
	"character_superslot163_0x89":  { "File": "character_superslot163.bmp", "Rect": "450,451,48,46", "Center": "24,24" },
	"character_superslot163_0x8a":  { "File": "character_superslot163.bmp", "Rect": "506,451,48,46", "Center": "24,24" },
	"character_superslot163_0x8b":  { "File": "character_superslot163.bmp", "Rect": "562,451,48,46", "Center": "24,24" },
	"character_superslot163_0x8c":  { "File": "character_superslot163.bmp", "Rect": "628,452,33,52", "Center": "19,28" },
	"character_superslot163_0x8d":  { "File": "character_superslot163.bmp", "Rect": "684,453,33,52", "Center": "19,28" },
	"character_superslot163_0x8e":  { "File": "character_superslot163.bmp", "Rect": "732,455,48,46", "Center": "24,24" },
	"character_superslot163_0x8f":  { "File": "character_superslot163.bmp", "Rect": "787,455,48,46", "Center": "24,24" },
	"character_superslot163_0x90":  { "File": "character_superslot163.bmp", "Rect": "843,456,48,46", "Center": "24,24" },
	"character_superslot163_0x91":  { "File": "character_superslot163.bmp", "Rect": "6,510,48,46", "Center": "24,24" },
	"character_superslot163_0x92":  { "File": "character_superslot163.bmp", "Rect": "59,511,48,46", "Center": "24,24" },
	"character_superslot163_0x93":  { "File": "character_superslot163.bmp", "Rect": "117,511,48,46", "Center": "24,24" },
	"character_superslot163_0x94":  { "File": "character_superslot163.bmp", "Rect": "171,512,48,46", "Center": "24,24" },
	"character_superslot163_0x95":  { "File": "character_superslot163.bmp", "Rect": "224,511,48,46", "Center": "24,24" },
	"character_superslot163_0x96":  { "File": "character_superslot163.bmp", "Rect": "281,511,48,46", "Center": "24,24" },
	"character_superslot163_0x97":  { "File": "character_superslot163.bmp", "Rect": "339,511,48,46", "Center": "24,24" },
	"character_superslot163_0x98":  { "File": "character_superslot163.bmp", "Rect": "392,510,48,46", "Center": "24,24" },
	"character_superslot163_0x99":  { "File": "character_superslot163.bmp", "Rect": "450,510,48,46", "Center": "24,24" },
	"character_superslot163_0x9a":  { "File": "character_superslot163.bmp", "Rect": "506,509,48,46", "Center": "24,24" },
	"character_superslot163_0x9b":  { "File": "character_superslot163.bmp", "Rect": "568,506,33,52", "Center": "19,28" },
	"character_superslot163_0x9c":  { "File": "character_superslot163.bmp", "Rect": "619,511,48,46", "Center": "24,24" },
	"character_superslot163_0x9d":  { "File": "character_superslot163.bmp", "Rect": "672,506,54,55", "Center": "20,35" },
	"character_superslot163_0x9e":  { "File": "character_superslot163.bmp", "Rect": "729,506,57,55", "Center": "20,35" },
	"character_superslot163_0x9f":  { "File": "character_superslot163.bmp", "Rect": "789,506,54,55", "Center": "20,35" },
	"character_superslot163_0xa0":  { "File": "character_superslot163.bmp", "Rect": "847,506,42,55", "Center": "19,34" },
	"character_superslot163_0xa1":  { "File": "character_superslot163.bmp", "Rect": "8,561,40,56", "Center": "22,36" },
	"character_superslot163_0xa2":  { "File": "character_superslot163.bmp", "Rect": "64,561,40,56", "Center": "22,36" },
	"character_superslot163_0xa3":  { "File": "character_superslot163.bmp", "Rect": "119,561,40,56", "Center": "22,36" },
	"character_superslot163_0xa4":  { "File": "character_superslot163.bmp", "Rect": "176,559,40,56", "Center": "22,36" },
	"character_superslot163_0xa5":  { "File": "character_superslot163.bmp", "Rect": "232,559,40,56", "Center": "22,36" },
	"character_superslot163_0xa6":  { "File": "character_superslot163.bmp", "Rect": "288,559,40,56", "Center": "22,36" },
	"character_superslot163_0xa7":  { "File": "character_superslot163.bmp", "Rect": "347,564,33,52", "Center": "19,28" },
	"character_superslot163_0xa8":  { "File": "character_superslot163.bmp", "Rect": "402,565,33,52", "Center": "19,28" },
	"character_superslot163_0xa9":  { "File": "character_superslot163.bmp", "Rect": "459,565,33,52", "Center": "19,28" },
	"character_superslot163_0xaa":  { "File": "character_superslot163.bmp", "Rect": "505,565,47,46", "Center": "24,24" },
	"character_superslot163_0xab":  { "File": "character_superslot163.bmp", "Rect": "560,565,48,46", "Center": "24,24" },
	"character_superslot163_0xac":  { "File": "character_superslot163.bmp", "Rect": "624,561,40,56", "Center": "22,36" },
	"character_superslot163_0xad":  { "File": "character_superslot163.bmp", "Rect": "679,562,40,56", "Center": "22,36" },
	"character_superslot163_0xae":  { "File": "character_superslot163.bmp", "Rect": "736,562,40,56", "Center": "22,36" },
	"character_superslot163_0xaf":  { "File": "character_superslot163.bmp", "Rect": "792,562,40,56", "Center": "22,36" },
	"character_superslot163_0xb0":  { "File": "character_superslot163.bmp", "Rect": "846,562,40,56", "Center": "22,36" },
	"character_superslot163_0xb1":  { "File": "character_superslot163.bmp", "Rect": "8,620,40,56", "Center": "22,36" },
	"character_superslot163_0xb2":  { "File": "character_superslot163.bmp", "Rect": "64,620,40,56", "Center": "22,36" },
	"character_superslot163_0xb3":  { "File": "character_superslot163.bmp", "Rect": "120,620,40,56", "Center": "22,36" },
	"character_superslot163_0xb4":  { "File": "character_superslot163.bmp", "Rect": "169,620,48,46", "Center": "24,24" },
	"character_superslot163_0xb5":  { "File": "character_superslot163.bmp", "Rect": "226,620,48,46", "Center": "24,24" },
	"character_superslot163_0xb6":  { "File": "character_superslot163.bmp", "Rect": "286,618,45,54", "Center": "27,34" },
	"character_superslot163_0xb7":  { "File": "character_superslot163.bmp", "Rect": "339,618,45,54", "Center": "27,34" },
	"character_superslot163_0xb8":  { "File": "character_superslot163.bmp", "Rect": "397,618,45,54", "Center": "27,34" },
	"character_superslot163_0xb9":  { "File": "character_superslot163.bmp", "Rect": "450,618,45,54", "Center": "27,34" },
	"character_superslot163_0xba":  { "File": "character_superslot163.bmp", "Rect": "511,620,40,56", "Center": "22,36" },
	"character_superslot163_0xbb":  { "File": "character_superslot163.bmp", "Rect": "567,620,40,56", "Center": "22,36" },
	"character_superslot163_0xbc":  { "File": "character_superslot163.bmp", "Rect": "622,620,40,56", "Center": "22,36" },
	"character_superslot163_0xbd":  { "File": "character_superslot163.bmp", "Rect": "679,620,40,56", "Center": "22,36" },
	"character_superslot163_0xbe":  { "File": "character_superslot163.bmp", "Rect": "736,620,40,56", "Center": "22,36" },
	"character_superslot163_0xbf":  { "File": "character_superslot163.bmp", "Rect": "793,620,40,56", "Center": "22,36" },
	"character_superslot163_0xc0":  { "File": "character_superslot163.bmp", "Rect": "845,621,40,56", "Center": "22,36" },
	"character_superslot163_0xc1":  { "File": "character_superslot163.bmp", "Rect": "8,678,40,56", "Center": "22,36" },
	"character_superslot163_0xc2":  { "File": "character_superslot163.bmp", "Rect": "64,679,40,56", "Center": "22,36" },
	"character_superslot163_0xc3":  { "File": "character_superslot163.bmp", "Rect": "120,677,40,56", "Center": "22,36" },
	"character_superslot163_0xc4":  { "File": "character_superslot163.bmp", "Rect": "176,674,40,56", "Center": "22,36" },
	"character_superslot163_0xc5":  { "File": "character_superslot163.bmp", "Rect": "232,674,40,56", "Center": "22,36" },
	"character_superslot163_0xc6":  { "File": "character_superslot163.bmp", "Rect": "289,674,40,56", "Center": "22,36" },
	"character_superslot163_0xc7":  { "File": "character_superslot163.bmp", "Rect": "342,675,40,56", "Center": "22,36" },
	"character_superslot163_0xc8":  { "File": "character_superslot163.bmp", "Rect": "396,678,48,46", "Center": "24,24" },
	"character_superslot163_0xc9":  { "File": "character_superslot163.bmp", "Rect": "451,678,48,46", "Center": "24,24" },
	"character_superslot163_0xca":  { "File": "character_superslot163.bmp", "Rect": "507,678,48,46", "Center": "24,24" },
	"character_superslot163_0xcb":  { "File": "character_superslot163.bmp", "Rect": "564,678,48,46", "Center": "24,24" },
	"character_superslot163_0xcc":  { "File": "character_superslot163.bmp", "Rect": "620,678,48,46", "Center": "24,24" },
	"character_superslot163_0xcd":  { "File": "character_superslot163.bmp", "Rect": "675,678,48,46", "Center": "24,24" },
	"character_superslot163_0xce":  { "File": "character_superslot163.bmp", "Rect": "732,678,48,46", "Center": "24,24" },
	"character_superslot163_0xcf":  { "File": "character_superslot163.bmp", "Rect": "789,678,48,46", "Center": "24,24" },
	"character_superslot163_0xd0":  { "File": "character_superslot163.bmp", "Rect": "849,679,33,52", "Center": "19,28" },
	"character_superslot163_0xd1":  { "File": "character_superslot163.bmp", "Rect": "12,735,33,52", "Center": "19,28" },
	"character_superslot163_0xd2":  { "File": "character_superslot163.bmp", "Rect": "68,736,33,52", "Center": "19,28" },
	"character_superslot163_0xd3":  { "File": "character_superslot163.bmp", "Rect": "123,735,33,52", "Center": "19,28" },
	"character_superslot163_0xd4":  { "File": "character_superslot163.bmp", "Rect": "177,731,40,56", "Center": "22,36" },
	"character_superslot163_0xd5":  { "File": "character_superslot163.bmp", "Rect": "232,731,40,56", "Center": "22,36" },
	"character_superslot163_0xd6":  { "File": "character_superslot163.bmp", "Rect": "289,731,40,56", "Center": "22,36" },
	"character_superslot163_0xd7":  { "File": "character_superslot163.bmp", "Rect": "347,732,33,52", "Center": "19,28" },
	"character_superslot163_0xd8":  { "File": "character_superslot163.bmp", "Rect": "404,732,33,52", "Center": "19,28" },
	"character_superslot163_0xd9":  { "File": "character_superslot163.bmp", "Rect": "456,730,40,56", "Center": "22,36" },
	"character_superslot163_0xda":  { "File": "character_superslot163.bmp", "Rect": "512,731,40,56", "Center": "22,36" },
	"character_superslot163_0xdb":  { "File": "character_superslot163.bmp", "Rect": "568,731,40,56", "Center": "22,36" },
	"character_superslot163_0xdc":  { "File": "character_superslot163.bmp", "Rect": "624,731,40,56", "Center": "22,36" },
	"character_superslot163_0xdd":  { "File": "character_superslot163.bmp", "Rect": "679,731,40,56", "Center": "22,36" },
	"character_superslot163_0xde":  { "File": "character_superslot163.bmp", "Rect": "737,731,40,56", "Center": "22,36" },
	"character_superslot163_0xdf":  { "File": "character_superslot163.bmp", "Rect": "793,731,40,56", "Center": "22,36" },
	"character_superslot163_0xe0":  { "File": "character_superslot163.bmp", "Rect": "846,732,40,56", "Center": "22,36" },
	"character_superslot163_0xe1":  { "File": "character_superslot163.bmp", "Rect": "9,790,40,56", "Center": "22,36" },
	"character_superslot163_0xe2":  { "File": "character_superslot163.bmp", "Rect": "63,790,40,56", "Center": "22,36" },
	"character_superslot163_0xe3":  { "File": "character_superslot163.bmp", "Rect": "120,790,40,56", "Center": "22,36" },
	"character_superslot163_0xe4":  { "File": "character_superslot163.bmp", "Rect": "172,790,48,46", "Center": "24,24" },
	"character_superslot163_0xe5":  { "File": "character_superslot163.bmp", "Rect": "227,790,48,46", "Center": "24,24" },
	"character_superslot163_0xe6":  { "File": "character_superslot163.bmp", "Rect": "285,790,48,46", "Center": "24,24" },
	"character_superslot163_0xe7":  { "File": "character_superslot163.bmp", "Rect": "340,790,48,46", "Center": "24,24" },
	"character_superslot163_0xe8":  { "File": "character_superslot163.bmp", "Rect": "395,790,48,46", "Center": "24,24" },
	"character_superslot163_0xe9":  { "File": "character_superslot163.bmp", "Rect": "452,790,48,46", "Center": "24,24" },
	"character_superslot163_0xea":  { "File": "character_superslot163.bmp", "Rect": "507,790,48,46", "Center": "24,24" },
	"character_superslot163_0xeb":  { "File": "character_superslot163.bmp", "Rect": "564,790,48,46", "Center": "24,24" },
	"character_superslot163_0xec":  { "File": "character_superslot163.bmp", "Rect": "620,789,48,46", "Center": "24,24" },
	"character_superslot163_0xed":  { "File": "character_superslot163.bmp", "Rect": "674,789,48,46", "Center": "24,24" },
	"character_superslot163_0xee":  { "File": "character_superslot163.bmp", "Rect": "732,789,48,46", "Center": "24,24" },
	"character_superslot163_0xef":  { "File": "character_superslot163.bmp", "Rect": "781,788,63,55", "Center": "43,35" },
	"character_superslot163_0xf0":  { "File": "character_superslot163.bmp", "Rect": "845,789,42,55", "Center": "24,33" },
	"character_superslot163_0xf1":  { "File": "character_superslot163.bmp", "Rect": "7,847,41,47", "Center": "23,29" },
	"character_superslot163_0xf2":  { "File": "character_superslot163.bmp", "Rect": "61,847,44,47", "Center": "22,29" },
	"character_superslot163_0xf3":  { "File": "character_superslot163.bmp", "Rect": "117,847,44,47", "Center": "19,29" },
	"character_superslot163_0xf4":  { "File": "character_superslot163.bmp", "Rect": "176,839,42,55", "Center": "19,34" },
	"character_superslot163_0xf5":  { "File": "character_superslot163.bmp", "Rect": "229,838,42,55", "Center": "19,34" },
	"character_superslot163_0xf6":  { "File": "character_superslot163.bmp", "Rect": "284,838,42,55", "Center": "19,34" },
	"character_superslot163_0xf7":  { "File": "character_superslot163.bmp", "Rect": "340,838,42,55", "Center": "19,34" },
	"character_superslot163_0xf8":  { "File": "character_superslot163.bmp", "Rect": "393,838,44,55", "Center": "22,34" },
	"character_superslot163_0xf9":  { "File": "character_superslot163.bmp", "Rect": "452,838,42,55", "Center": "24,33" },
	"character_superslot163_0xfa":  { "File": "character_superslot163.bmp", "Rect": "516,848,32,40", "Center": "16,20" }
}