{
	"dataSel_slot163":  { "File": "dataSel_mechamki.png", "Rect": "0,0,40,50", "Center": "14,43" },
	"dataSel_lifeContinue_slot3":  { "File": "dataselectlife.png", "Rect": "0,4,26,45", "Center": "0,0" },
	"ESS_Cont_Es163":    { "File": "dataselectlife.png", "Rect": "0,20,20,24", "Center": "10,24" },
	"ESS_Life_Es163":  { "File": "life_icon.png", "Rect": "0,0,16,16", "Center": "8,16" },
	"ESS_Char_Es163":  { "File": "dataSel_mechamki.png", "Rect": "0,0,40,50", "Center": "19,45" },
	"ESS_Zone_Es163_0":  { "File": "Portraits.png", "Rect": "1,1,80,56", "Center": "40,28" },
	"ESS_Zone_Es163_1":  { "File": "Portraits.png", "Rect": "82,1,80,56", "Center": "40,28" },
	"ESS_Zone_Es163_2":  { "File": "Portraits.png", "Rect": "163,1,80,56", "Center": "40,28" },
}