{
	"character_slot163_peelout_0":  { "File": "character_character_slot163.bmp", "Rect": "64,115,63,55", "Center": "42,35" },
	"character_slot163_peelout_1":  { "File": "character_character_slot163.bmp", "Rect": "64,115,63,55", "Center": "42,35" },
	"character_slot163_peelout_2":  { "File": "character_character_slot163.bmp", "Rect": "64,115,63,55", "Center": "42,35" },
	"character_slot163_peelout_3":  { "File": "character_character_slot163.bmp", "Rect": "64,115,63,55", "Center": "42,35" },
}