{
	"Metadata":
	{
		"Name": "Extra Slot Mecha Sonic MK.I",
		"Author": "SomeKindOfCreature",
		"Description": "Extra Slot Mecha Sonic Mk.I is finally in S3AIR",
		"URL": "https://sonic3air.org",
		"ModVersion": "1.0.0.0",
		"GameVersion": "20.04.26.0"
	},
	"Settings":
	{
		"List":
		[

			{
			"InternalName": "Sonic",
			"DisplayName": "Mecha MK.I",
            "Category": "Palettes",
			"Variable": "SonicPalette",
			"DefaultValue": "0",
			"Options":
			        {
				"0x00": "Original",
				"0x01": "Custom(Darker)",
                "0x02": "Old"
                "0x03": "incoming"
	            	}
			}
		
		]
	}
}
